scalar_name,second_diff_roughness_sorted_T,fraction_up_steps
A_obs,9.78985129948701e-10,0.571428571428571
A_proj_nonSVD,9.09939779258606e-10,0.571428571428571
m0_svd,2.66436556118808e-07,0.428571428571429
projection_mean_curve,3.28336926032305,0.571428571428571
