target_scalar,n_common,raw_pearson,raw_spearman,sign_aligned_pearson,sign_aligned_spearman,scale_c,affine_intercept_b,affine_slope_c,nrmse_raw,nrmse_sign_aligned,nrmse_scale,nrmse_affine,largest_residual_T,relationship_class,notes
m0_svd,8,0.99999999935143,1,0.99999999935143,1,0.999972661392383,-3.64815471959607e-10,0.999971745062357,5.86033820046404e-05,5.86033820046404e-05,3.37049533697488e-05,3.36897150479578e-05,31,affine-equivalent,max_abs_affine_residual=1.34e-08_at_T=31
m0_LOO_SVD_projection,8,-0.999999999276985,-1,0.999999999276985,1,0.99985829256119,1.29456148244374e-09,0.99985504092948,3.50735680434759,0.000251085290113373,3.5752075267321e-05,3.5570718160074e-05,19,affine-equivalent,max_abs_affine_residual=1.45e-08_at_T=19
SVD_score_mode1,8,0.99999999935143,1,0.99999999935143,1,0.999972661392383,-3.64815471959607e-10,0.999971745062357,5.86033820046404e-05,5.86033820046404e-05,3.37049533697488e-05,3.36897150479578e-05,31,affine-equivalent,max_abs_affine_residual=1.34e-08_at_T=31
A_obs,8,-0.99967076290601,-1,0.99967076290601,1,0.058399802514141,3.93946760127604e-07,0.0574103015944115,32.3172854511385,28.7509180325422,0.030645537790407,0.0240014596858326,37,monotonic-only,max_abs_affine_residual=5.22e-07_at_T=37
A_proj_nonSVD,8,-0.999999992613083,-1,0.999999992613083,1,0.0584485363430625,1.67540244537945e-09,0.0584443281290895,31.757414662314,28.2500652895663,0.000138808940304592,0.000113697429132343,19,affine-equivalent,max_abs_affine_residual=2.49e-09_at_T=19
