scalar_name,mean_heldout_RMSE,median_heldout_RMSE,max_heldout_RMSE,worst_T_K,mean_heldout_NRMSE,rank_by_mean_RMSE,rank_by_median_RMSE,rank_by_max_RMSE,leaky_or_nonleaky,basis_dependent
m0_LOO_SVD_projection,6.21057880483923e-07,6.41159368214649e-07,7.49587959494911e-07,19,0.0329776608871366,1,1,1,NONLEAKY_TRAINING_BASIS,YES
A_obs,6.90132027586325e-07,6.62118974772859e-07,1.04505544551917e-06,37,0.0366454410905473,4,4,4,NONLEAKY_FIXED_SCALAR,PARTIAL
A_proj_nonSVD,6.21065284792398e-07,6.41166657552753e-07,7.49608477133983e-07,19,0.0329780540498057,2,3,3,NONLEAKY_FIXED_SCALAR,PARTIAL
projection_mean_curve,6.21065436775646e-07,6.41164942720115e-07,7.49601372528009e-07,19,0.0329780621199908,3,2,2,NONLEAKY_FIXED_SCALAR,PARTIAL
full_data_m0_diagnostic_leaky,3.20763470610612e-05,4.01392239467079e-05,5.21561586017022e-05,27,1.70322755594623,5,5,5,LEAKY_REFERENCE,FULL_MAP_BASIS
