T_K,A_T_canon_raw,A_T_canon_oriented,m0_svd,m0_LOO_SVD_projection,SVD_score_mode1,A_obs,A_proj_nonSVD,inclusion_status,notes
3,0.000142330744260051,-0.000142330744260051,-0.000142328120905496,0.000142316513290216,-0.000142328120905496,8.29795109014123e-06,8.32009897824254e-06,INCLUDED,RF5A_m0_svd_score_present
19,0.00030598977642236,-0.00030598977642236,-0.000305991221266062,0.00030593225864612,-0.000305991221266062,1.79857103881539e-05,1.78875331389325e-05,INCLUDED,RF5A_m0_svd_score_present
23,0.00041196342556376,-0.00041196342556376,-0.000411949977089507,0.000411910053977384,-0.000411949977089507,2.40753761698e-05,2.40789747607092e-05,INCLUDED,RF5A_m0_svd_score_present
25,0.00043835565743094,-0.00043835565743094,-0.000438349242668188,0.00043829800302354,-0.000438349242668188,2.55584696472518e-05,2.56218719809483e-05,INCLUDED,RF5A_m0_svd_score_present
27,0.000466482771704487,-0.000466482771704487,-0.000466473471344076,0.00046642214518228,-0.000466473471344076,2.7092458026738e-05,2.72644720566327e-05,INCLUDED,RF5A_m0_svd_score_present
31,0.000458092518675709,-0.000458092518675709,-0.000458066543840035,0.000458020351966578,-0.000458066543840035,2.68829445900315e-05,2.67723109072531e-05,INCLUDED,RF5A_m0_svd_score_present
33,6.27803004845676e-05,-6.27803004845676e-05,-6.27757553194601e-05,6.27751043208466e-05,-6.27757553194601e-05,3.58270578645533e-06,3.67072141218472e-06,INCLUDED,RF5A_m0_svd_score_present
37,-7.30614333292572e-06,7.30614333292572e-06,7.30674691715132e-06,-7.30533935302426e-06,7.30674691715132e-06,4.96184052238109e-07,-4.26129402320712e-07,INCLUDED,RF5A_m0_svd_score_present
