Row,S_peak,I_peak,halfwidth_diff_norm,width_I,asym
S_peak,1,0.588509326627299,0.618456479589395,0.732055474424614,-0.566269059474398
I_peak,0.588509326627299,1,0.163273806646034,0.255203646035468,-0.656729332648339
halfwidth_diff_norm,0.618456479589395,0.163273806646034,1,0.981152853633499,0.248429912581166
width_I,0.732055474424614,0.255203646035468,0.981152853633499,1,0.0864642066559489
asym,-0.566269059474398,-0.656729332648339,0.248429912581166,0.0864642066559489,1
