Row,a1,c1,a2,c2,SSE,R2,AdjR2,RMSE
0.01 T,-0.00820945758722273,0.0681447329022064,-0.00569214611041542,0.129890209661191,0.0036847126862486,0.245804864840144,0.142960073681981,0.0129416745548645
0.1 T,-0.00792747906279504,0.151658785309558,-0.00886376030243274,1.10247622510704,0.00102837313089902,0.644359103834532,0.595862617993786,0.00683697544406024
1 T,-0.0193598691475002,1.15597750191809,-0.00389311300016931,-0.538778104651632,0.0315615459996322,0.135020801732783,0.0114523448374668,0.0387676509720056
3 T,0.1147215048295,4.44746871233872,-0.0145213206625785,-0.210735534289161,0.0714333395463709,0.706628898079522,0.664718740662311,0.0583231308954366
5 T,-0.680468397599397,1.23206513983266,-0.282704475809661,0.359294152755256,0.451273918377266,0.939959570105948,0.931382365835369,0.146592067344864
7 T,-2.04615593777701,1.17762866400108,-1.05409773963099,0.307884095333967,2.75170797565487,0.961356750750235,0.955836286571697,0.361985791332232
9 T,-2.41947684582634,1.15560326392608,-1.25220352662129,0.242969313044994,3.64338607643192,0.962593897291574,0.95698298188531,0.426812961168702
11 T,-2.31453093794803,1.09077943621888,-1.37492112382495,0.0957433903097016,4.16134599483637,0.9566085665957,0.950409790395085,0.445150910464582
13 T,-1.9821112981962,1.13192541716049,-1.60403528568113,0.084892535631729,4.1732003205586,0.953347448662357,0.946349565961711,0.456793187370313
