basis,pearson_corr,cosine_similarity,rmse_to_phi2
K1_only,-0.886023843225599,-0.390281290252232,0.0620732893250556
K2_only,-0.891581446755818,-0.137813328972612,0.0667766795969115
span_K1_K2_orth,0.413898537281132,0.413898537281132,0.0613739654916162
