model_id,n,loocv_rmse,R2_loocv,pearson_y_yhat,spearman_y_yhat,rmse_improvement_pct_vs_mean
kappa2 ~ mean,12,0.0744737696196895,-0.190082644628099,-1,-1,0
kappa2 ~ PT,12,0.186058848881531,-6.42798652570025,-0.120054438521654,-0.0629370629370629,-149.831383360431
kappa2 ~ kappa1,12,0.047947371190626,0.50671256866009,0.720631247573017,0.72027972027972,35.6184446745803
kappa2 ~ PT + kappa1,12,0.151274210844393,-3.91021196081662,-0.0351533782059364,-0.041958041958042,-103.124149102288
kappa2 ~ PT + kappa1 + small_nonlinear,12,0.203038660143992,-7.84561280999912,-0.129137610480145,-0.0769230769230769,-172.631103784376
