kernel,pearson_corr_vs_phi2,rmse_vs_phi2
dPhi1_dx,-0.886023843225599,0.130941480448523
gaussian_bump,-0.218612523888778,0.105253482943398
antisymmetric_bump,0.640570163829856,0.0571624349130014
width_modulation_x_phi1,-0.891581446755818,0.131134263144715
