model,n_rows_used,shape_correlation,peak_delta_K,width_ratio_error_factor,deformation_param
PT_base,56,-0.350696366178831,22,7.12043014888676,none
kappa1_amp,52,-0.445165130170884,22,5.76117222936099,none
kappa1_shift_A,52,-0.440777328947125,22,5.92843816796232,a=-2
kappa1_stretch_B,52,-0.434483911833746,22,6.24876318920035,b=-0.9
kappa1_kernel_C,52,-0.440467719290347,22,5.94965797247028,c=2
kappa1_full_best,52,-0.434414831861362,22,6.27138317786559,A/B/C best-point
