T_K,error_value,error_median_all,error_ratio_to_median,error_z_robust,neighbor_error_median,error_ratio_to_neighbors,error_abs_delta_vs_neighbors,neighbor_consistent_error,kappa1_value,kappa1_z_robust,kappa1_neighbor_median,kappa1_abs_delta_vs_neighbors,neighbor_consistent_kappa1,kappa2_value,kappa2_z_robust,kappa2_neighbor_median,kappa2_abs_delta_vs_neighbors,neighbor_consistent_kappa2,error_metric,delta_rmse_exclude_this,delta_rmse_exclude_both
4,0.0149085544659036,0.00707281743777997,2.10786643329269,2.25012968853826,0.00924055133468666,1.61338365276331,0.00566800313121694,0,0.179667568207135,1.13644856001451,0.190864757414925,0.01119718920779,1,NaN,NaN,NaN,NaN,0,reconstruction_rmse_M2,-0.000867612864670453,-0.00382087842765388
30,0.0251007421751022,0.00707281743777997,3.54890288006371,5.17694360193401,0.00802760781249073,3.12680225060897,0.0170731343626115,0,0.0481129259726667,-0.802279845824795,0.0611276883218999,0.0130147623492332,1,NaN,NaN,NaN,NaN,0,reconstruction_rmse_M2,-0.00251637495676338,-0.00382087842765388
