model,n_rows_used,loocv_rmse,pearson_y_yhat,spearman_y_yhat,delta_rmse_vs_delta_const,target_mean
delta_w ~ kappa1,12,2.1483820151977,0.386493071294685,0.531468531468531,-0.251786165940168,10.1584072004162
delta_w ~ PT,12,2.64297934229265,-0.332491703535369,-0.867132867132867,0.242811161154788,10.1584072004162
delta_w ~ kappa1 + PT,12,2.2081662104227,0.428682071062984,0.706293706293706,-0.192001970715169,10.1584072004162
