"model_family","best_model","loocv_rmse","pearson","spearman","delta_rmse_vs_baseline"
"baseline","R ~ 1","30.6256667424692","-1","NaN","0"
"PT-only","R ~ spread90_50","13.78698119261","0.881649180468044","NaN","-16.8386855498592"
"state-only","R ~ kappa1","31.4416162947145","0.0158540610779008","NaN","0.815949552245268"
"trajectory-only","R ~ ds","26.4316430667739","0.385158651888526","NaN","-4.19402367569532"
"PT+state","R ~ spread90_50 + kappa1","11.9148173531162","0.9117808799152","NaN","-18.710849389353"
"PT+state+trajectory","R ~ spread90_50 + kappa1 + ds","13.1870860250649","0.886156023357262","NaN","-17.4385807174043"
