T_K,R,kappa1,yhat_loocv_baseline,yhat_loocv_linear,yhat_loocv_quadratic,yhat_loocv_isotonic
14,0.372010793029286,0.12447122604336,33.4936336085378,20.5147069886991,-228.504764752326,-35.8697329217674
18,1.50561531730532,0.0980185873442758,33.1157654337791,25.6402433912005,90.6705453720416,21.8782231618218
22,7.00173291822134,0.0382966167716672,31.2837262334738,121.086982859289,227.359397302284,160.60425643377
26,91.9735525900868,0.0640590044738315,2.95978634285198,4.77790507283611,4.13162402603187,4.63086150969436
