row_type,label,terms,n_valid_rows_before,n_rows_used,n_predictors_raw,n_predictors_used,n_predictors_dropped_near_constant,model_skipped,skip_reason,loocv_rmse,pearson_y_yhat,transition_mae_22_24K,mae_outside_22_24K,jackknife_rmse_std,jackknife_rmse_range,prediction_variance_mean,prediction_variance_max,contribution_rmse,contribution_transition
model,R ~ PT,"PT",11,11,1,1,0,NO,,13.6377158944243,0.870998993279462,14.8720457016217,6.36151394319107,1.49428418324967,4.99353520576016,9.9519436196631,79.8356681771349,NaN,NaN
model,R ~ PT + kappa1,"PT,kappa1",11,11,2,2,0,NO,,10.9809226364879,0.919275527521052,11.4069411766003,7.14579494952312,1.21464705398063,4.07508571363576,6.95164100241207,50.0588749830089,NaN,NaN
model,R ~ PT + kappa1 + alpha,"PT,kappa1,alpha",11,11,3,3,0,NO,,6.98804575007948,0.982177433124038,9.66711707326185,4.18515948437315,0.934440818585845,3.11683553509711,3.4251388121728,25.4843485950442,NaN,NaN
model,R ~ PT + kappa1 + kappa2,"PT,kappa1,kappa2",11,11,3,3,0,NO,,13.5241954010709,0.869772557575106,13.8713710775313,7.81023510382282,1.92894967405232,6.47186108256577,12.432176972073,98.614994432091,NaN,NaN
contribution,PT,"",NaN,NaN,NaN,NaN,NaN,NO,,NaN,NaN,NaN,NaN,NaN,NaN,NaN,NaN,15.3184219768234,0.63121966921555
contribution,kappa1,"",NaN,NaN,NaN,NaN,NaN,NO,,NaN,NaN,NaN,NaN,NaN,NaN,NaN,NaN,2.65679325793647,3.46510452502143
contribution,alpha,"",NaN,NaN,NaN,NaN,NaN,NO,,NaN,NaN,NaN,NaN,NaN,NaN,NaN,NaN,3.99287688640838,1.7398241033384
contribution,kappa2,"",NaN,NaN,NaN,NaN,NaN,NO,,NaN,NaN,NaN,NaN,NaN,NaN,NaN,NaN,-2.54327276458303,-2.46442990093105
