"model","n","loocv_rmse","pearson_y_yhat","is_extension","mean_abs_res_22_24K","mean_abs_res_outside_22_24K","pct_loocv_rmse_vs_reference","pct_transition_mean_abs_res_vs_reference"
"R ~ spread90_50 + kappa1 + alpha","11","6.98804575007817","0.982177433124039","False","9.66711707326165","4.18515948437256","0","0"
"R ~ spread90_50 + kappa1 + alpha + kappa1*alpha","11","5.68199255914414","0.982939789310599","True","9.18573173510092","3.31612975467054","-18.6898202679829","-4.9796163066257"
"R ~ spread90_50 + kappa1 + alpha + g23(T)","11","16.9441642512107","0.975208837000687","True","9.61559127127512","8.46699775478131","142.473573545525","-0.533000703271153"
"R ~ spread90_50 + kappa1 + alpha + abs(alpha_res)","11","6.35176881617559","0.989016125291927","True","6.37867950810206","3.76886331160961","-9.10521992354525","-34.0167346711369"
