model,category,n,loocv_rmse,pearson_y_yhat,spearman_y_yhat
R ~ 1,constant,11,0.0454472628349468,-1,-1
R ~ kappa1,kappa1,11,0.0315340226547099,0.660731269081946,0.763636363636364
R ~ kappa2,kappa2,11,0.0504887907396038,-0.179379583914843,0.136363636363636
R ~ kappa1 + kappa2,kappa1+kappa2,11,0.029428943357196,0.722599477368856,0.736363636363636
R ~ kappa1 + kappa2 + (kappa1*kappa2),interaction,11,0.00823962276074808,0.981613298907744,1
