model,added_term,n_valid_rows_before,n_rows_used,n_predictors_raw,n_predictors_used,n_predictors_dropped_near_constant,model_skipped,model_skipped_small_data,skip_reason,loocv_rmse,pearson_y_yhat,spearman_y_yhat,mae_resid_22_24K,mae_resid_outside_22_24K
R ~ spread90_50 + kappa1 + alpha,none,11,11,3,3,0,NO,NO,,6.98804575007948,0.982177433124038,0.909090909090909,9.66711707326185,4.18515948437315
R ~ spread90_50 + kappa1 + alpha + kappa1^2,kappa1_sq,11,11,4,4,0,NO,NO,,5.21561093580229,0.985560881164205,0.781818181818182,8.34259369146625,3.13416694150366
R ~ spread90_50 + kappa1 + alpha + alpha^2,alpha_sq,11,11,4,4,0,NO,NO,,5.84874609467599,0.984883123868816,0.736363636363636,8.21443158643715,3.50870924845941
R ~ spread90_50 + kappa1 + alpha + kappa1*alpha,kappa1_alpha,11,11,4,4,0,NO,NO,,5.68199255914555,0.982939789310595,0.745454545454545,9.18573173510262,3.31612975467119
R ~ spread90_50 + kappa1 + alpha + log(kappa1),log_kappa1,11,11,4,4,0,NO,NO,,3.53418393357854,0.991226869863189,0.881818181818182,5.44116447849209,1.93128924110642
R ~ spread90_50 + kappa1 + alpha + alpha/kappa1,alpha_over_kappa1,11,11,4,4,0,NO,NO,,3.54519799483105,0.991458039744418,0.881818181818182,4.42280247685253,2.28878569282872
R ~ spread90_50 + kappa1 + alpha + kappa1/abs(alpha),kappa1_over_abs_alpha,11,11,4,4,0,NO,NO,,8.8529835536256,0.966251057149092,0.818181818181818,8.24488969533813,5.58738850008016
R ~ spread90_50 + kappa1 + alpha + I(22<=T<=24),transition_indicator,11,11,4,4,0,NO,NO,,13.7115149962121,0.977529979414005,0.854545454545454,9.45701014160324,6.97478649823052
