model,rmse_mean,rmse_median,corr_mean,corr_median
M1_PT_only,0.0469198647999637,0.0409259082043912,NaN,NaN
M2_PT_plus_kappaPhi1,0.00892494622736627,0.00707281743777998,0.952227572712449,0.993677163557129
M3_PT_plus_kappa1Phi1_plus_kappa2Phi2,0.00568125233520609,0.00514175653300817,0.975002163532873,0.993141352036969
M2_vs_M1,0.809783206635046,NaN,NaN,NaN
M3_vs_M2,0.363441281272279,NaN,0.0227745908204247,NaN
