target,model,n,loocv_rmse,pearson,spearman
kappa1,kappa1~tail_log10,13,0.0622852002425286,-0.792870611011976,-0.994505494505494
kappa1,kappa1~q90_I_mA+iq90_10_mA,10,NaN,NaN,NaN
kappa2,kappa2~I_peak_mA,13,0.10987832605493,0.832017498633085,0.302197802197802
kappa2,kappa2~I_peak+mean+std+shape,10,0.367282453378357,0.252027705528039,0.163636363636364
