"variable","pearson_corr","spearman_corr","r2","rmse"
"S_peak","0.924542342556305","0.961764705882353","0.8547785431795","0.0266304897287038"
"I_peak","0.801260608677458","0.876453719824756","0.64201856301817","0.0418113328432125"
"width","NaN","NaN","NaN","NaN"
"S_peak+I_peak","NaN","NaN","0.955948851603683","0.0146670366061214"
