n_aligned,kappa2_std,R2_mean_model,R2_PT,R2_kappa1,R2_PT_plus_kappa1,Delta_R2_PTk1_vs_best_single
12,0.0713032058506911,-0.190082644628099,-6.42798652570025,0.50671256866009,-3.91021196081662,-4.41692452947671
