model,cosine_similarity,rmse_reconstruction,coef_a,coef_b
dPhi1_dx,0.390281290252232,0.0620732893250556,-0.390281290252232,0
x_times_Phi1,0.374419426320868,0.0625158195686046,0,-0.374419426320868
a_dPhi1_dx_plus_b_xPhi1,0.413898537281132,0.0613739654916161,-0.25090582322964,-0.196005189855471
raw_Phi2_reference,1,0,NaN,NaN
