temperature_regime,cosine_to_full_phi2
T_le_20K,0.0916370310135317
T_14_to_26K,-0.656001875271558
T_ge_22K,-0.975741271074672
