cut_idx,t_seconds,n_temperatures_used,shape_correlation,peak_delta_K,width_ratio_pred_over_data
1,100.893216525231,14,-0.338023926180381,24,0.222934797177993
2,315.902550253972,14,-0.343761084625415,22,0.163950509306957
3,1009.84998352576,14,-0.392415769752645,22,0.124492530153027
4,3161.89924512855,14,-0.328584684156884,20,0.0854950859812727
0,NaN,56,-0.350696366178831,22,7.12043014888676
