{
    "n":  11,
    "rmse_naive":  0.000745414557320106,
    "rmse_pt":  0.00017139311832959335,
    "rmse_state":  0.00018048115714967543,
    "pearson_naive":  -1.0000000000000002,
    "pearson_pt":  0.96827942334455575,
    "pearson_state":  0.9652221268249126,
    "spearman_naive":  -1,
    "spearman_pt":  0.98181818181818181,
    "spearman_state":  0.990909090909091,
    "pt_formula":  "A ~ 1 + cheb_m2_z+pt_svd_score1",
    "state_name":  "kappa1",
    "rel_imp_pt":  0.77007006819697588,
    "rel_imp_state":  0.75787814260223685,
    "rel_state_vs_pt":  -0.05302452577241492,
    "A_PREDICTED_FROM_SWITCHING":  "YES",
    "PT_IS_SUFFICIENT_FOR_A":  "YES",
    "STATE_IMPROVES_A":  "NO",
    "BEST_A_MODEL":  "PT_only:cheb_m2_z+pt_svd_score1",
    "T_K":  [
                6,
                8,
                10,
                12,
                14,
                16,
                18,
                20,
                22,
                24,
                26
            ],
    "y":  [
              0.000839852713644792,
              0.000868275872586835,
              0.000893914157013262,
              0.000964530202097535,
              0.00114283765737884,
              0.00140598372197818,
              0.00172649828754809,
              0.00205516520944741,
              0.0023409016201232,
              0.00255869568712808,
              0.00264880746783687
          ],
    "yhat_naive":  [
                       0.0016605609883138302,
                       0.0016577186724196259,
                       0.0016551548439769832,
                       0.0016480932394685559,
                       0.0016302624939404254,
                       0.0016039478874804911,
                       0.0015718964309235004,
                       0.0015390297387335684,
                       0.0015104560976659893,
                       0.0014886766909655014,
                       0.0014796655128946224
                   ],
    "yhat_pt":  [
                    0.0005086762182840909,
                    0.000906274990285132,
                    0.00114787471770386,
                    0.0011983573771233904,
                    0.001164857624202739,
                    0.0013003077091948813,
                    0.001609029395888013,
                    0.001901609019391068,
                    0.0025159660050979825,
                    0.0024469558870249507,
                    0.0026747810791223174
                ],
    "yhat_state":  [
                       0.00053666845275110247,
                       0.00080770595306517336,
                       0.0011185377477829152,
                       0.0011835274721995884,
                       0.0012832588369079676,
                       0.0013811057995040809,
                       0.0016177151129507543,
                       0.001798633172281224,
                       0.0025295270851518016,
                       0.0024184418174459156,
                       0.0027540346412611438
                   ]
}
