Tp,tw,sample,dataset,Dip_depth_archived_source,FM_abs_archived_source,source_run
26,3,MG119,MG119_3sec,2.31246381575899e-07,6.01447161069129e-07,run_2026_03_10_231719_tp_26_structured_export
26,36,MG119,MG119_36sec,1.03691245288129e-06,7.32640312217379e-07,run_2026_03_10_231719_tp_26_structured_export
26,360,MG119,MG119_6min,9.62591417199795e-07,8.86181574951173e-07,run_2026_03_10_231719_tp_26_structured_export
26,3600,MG119,MG119_60min,9.10407833455717e-07,2.07427201171414e-06,run_2026_03_10_231719_tp_26_structured_export
