Tp,tw,Dip_depth_old,Dip_depth_archived_replay,FM_abs_old,FM_abs_archived_replay,Dip_rel_diff,FM_rel_diff,tau_Dip_old_26K,tau_Dip_archived_replay_26K,tau_FM_old_26K,tau_FM_archived_replay_26K,R_old_26K,R_archived_replay_26K,fast_dip_highR_reproduced
26,3,2.31246381575899e-07,2.31246381575899e-07,6.01447161069129e-07,6.01447161069129e-07,0,0,9.39314322655396,9.39314322655396,863.920752533678,863.920752533678,91.9735525900868,91.9735525900868,YES
26,36,1.03691245288129e-06,1.03691245288129e-06,7.32640312217379e-07,7.32640312217379e-07,0,0,9.39314322655396,9.39314322655396,863.920752533678,863.920752533678,91.9735525900868,91.9735525900868,YES
26,360,9.62591417199795e-07,9.62591417199795e-07,8.86181574951173e-07,8.86181574951173e-07,0,0,9.39314322655396,9.39314322655396,863.920752533678,863.920752533678,91.9735525900868,91.9735525900868,YES
26,3600,9.10407833455717e-07,9.10407833455717e-07,2.07427201171414e-06,2.07427201171414e-06,0,0,9.39314322655396,9.39314322655396,863.920752533678,863.920752533678,91.9735525900868,91.9735525900868,YES
