sector,Tp,signal_effect_log10,protocol_effect_legacy_signal_log10,protocol_effect_canonical_signal_log10,total_gap_log10,fraction_signal,fraction_protocol
DIP,22,1.07458317900284,0.187857427013538,5.86849244682516,6.94307562582801,0.150693208173458,0.849306791826542
DIP,26,1.9142650980964,-0.819535430831411,0.972863329321025,2.88712842741742,0.516438817033915,0.483561182966085
DIP,30,-8.30837401622306,-6.14680919667946,3.6841110810275,-4.62426293519556,0.458031822054031,0.541968177945969
FM,22,0,5.68866542254149,5.68866542254149,5.68866542254149,0,1
FM,26,0,0.490698621064583,0.490698621064583,0.490698621064583,0,1
FM,30,0,0.776389033337226,0.776389033337226,0.776389033337226,0,1
