Tp,tau_dip_replay_seconds,tau_fm_replay_seconds,R_replay,fm_has_fm_flag,matched_row
14,24535362461233.9,14.4525213495348,5.89048617984345e-13,1,1
18,1965.41062547612,145.320972476775,0.073939242310533,1,1
22,2173.18524828122,1281.50147352383,0.589688097016752,1,1
26,771.038461886337,863.920752533678,1.12046388765108,1,1
30,0.0922121852113807,975.626714166143,10580.2363530339,1,1
34,89.1490707030619,113.841995766062,1.27698466028039,1,1
