Tp,tau_dip_legacy,tau_fm_legacy,R_legacy,tau_dip_replay,tau_fm_replay,R_replay,log10_R_ratio_replay_over_legacy,legacy_finite,replay_finite
14,38.8497366752396,14.4525213495348,0.372010793029286,24535362461233.9,14.4525213495348,5.89048617984345e-13,-11.8004043987175,dip_fm,finite
18,96.5193238979949,145.320972476775,1.50561531730532,1965.41062547612,145.320972476775,0.073939242310533,-1.30883902853544,dip_fm,finite
22,183.026329123301,1281.50147352383,7.00173291822134,2173.18524828122,1281.50147352383,0.589688097016752,-1.07458317900284,dip_fm,finite
26,9.39314322655396,863.920752533678,91.9735525900868,771.038461886337,863.920752533678,1.12046388765108,-1.9142650980964,dip_fm,finite
30,NaN,975.626714166143,NaN,0.0922121852113807,975.626714166143,10580.2363530339,NaN,dip_fm,finite
34,NaN,113.841995766062,NaN,89.1490707030619,113.841995766062,1.27698466028039,NaN,dip_fm,finite
