Tp,tau_AFM_physical_canon_replay,tau_FM_physical_canon_replay,AFM_r2_primary,FM_r2_primary,comparison_domain_note
22,20000,625726477.464033,0.606196649693528,0.919845407058831,SHARED_PHYSICAL_TAU_DOMAIN
26,8000,2674.06849631512,0.936029609480968,0.995748480175219,SHARED_PHYSICAL_TAU_DOMAIN
30,500,5830.05587173932,0.997909808685575,1,SHARED_PHYSICAL_TAU_DOMAIN
