Tp,n_rows,n_unique_tw,tw_values,has_tw_3,has_tw_36,has_tw_360,has_tw_3600,Dip_depth_min,Dip_depth_max,Dip_depth_first_tw,Dip_depth_last_tw,FM_abs_min,FM_abs_max,FM_abs_first_tw,FM_abs_last_tw,grid_status,notes
14,4,4,"3|36|360|3600",YES,YES,YES,YES,-8.9536837772524e-08,6.20548853847195e-07,6.20548853847195e-07,1.95420344888055e-07,6.40037056358776e-07,2.04702904491693e-06,9.80975321930083e-07,2.04702904491693e-06,READY_FOR_CONVERGENCE,"Four tw points (3-3600 s); Dip_depth includes negative value at tw=360 (inventory disclosure only)."
18,4,4,"3|36|360|3600",YES,YES,YES,YES,2.35916177149297e-07,7.45154109451268e-07,4.77448542053708e-07,7.45154109451268e-07,8.77517129158269e-08,2.13307781340364e-06,5.93349215287068e-07,8.77517129158269e-08,READY_FOR_CONVERGENCE,"Four tw points; first/last taken at minimum and maximum tw present."
22,4,4,"3|36|360|3600",YES,YES,YES,YES,2.79803042621795e-07,8.86583711594106e-07,6.20564085409436e-07,8.86583711594106e-07,7.08380502820365e-08,1.27269122876671e-06,1.94428480485198e-07,1.27269122876671e-06,READY_FOR_CONVERGENCE,"Four tw points."
26,4,4,"3|36|360|3600",YES,YES,YES,YES,5.19789946401978e-07,1.58953335101602e-06,7.94121124071608e-07,1.58953335101602e-06,6.01447161069129e-07,2.07427201171414e-06,6.01447161069129e-07,2.07427201171414e-06,READY_FOR_CONVERGENCE,"Four tw points."
30,3,3,"36|360|3600",NO,YES,YES,YES,9.87530105806022e-07,1.52008292659831e-06,9.87530105806022e-07,1.52008292659831e-06,8.44001163675723e-07,2.0014423840081e-06,8.44001163675723e-07,2.0014423840081e-06,PARTIAL_BUT_USABLE,"Missing tw=3 versus lower Tp groups; first_tw is tw=36."
34,3,3,"36|360|3600",NO,YES,YES,YES,3.18578938210271e-07,1.17648694772181e-06,3.18578938210271e-07,8.10297930946692e-07,8.58403730646882e-08,2.59975231893718e-06,8.58403730646882e-08,2.59975231893718e-06,PARTIAL_BUT_USABLE,"Missing tw=3 versus lower Tp groups; first_tw is tw=36."
