T_K,R_recovered,R_replay,delta_R_replay_minus_recovered,match_status
14,0.372010793029286,0.372010793029286,0,MATCH
18,1.50561531730532,1.50561531730532,0,MATCH
22,7.00173291822134,7.00173291822134,0,MATCH
26,91.9735525900868,91.9735525900868,0,MATCH
